題號,組別,成語,原本釋義,修改後釋義
2,第 1 組,探囊取物,伸手到袋子裡拿取東西。比喻事情極容易辦到。也作「囊中取物」。,伸手到袋子裡拿取東西。比喻事情極容易辦到。
3,第 1 組,守株待兔,沿用過去的方法，守在樹旁，等待撞樹而死的兔子，最後終一無所得。比喻拘泥守成。後亦用「守株待兔」比喻妄想不勞而獲或等著目標自己送上門來。,沿用過去的方法，守在樹旁，等待撞樹而死的兔子，最後終一無所得。比喻拘泥守成。後亦比喻妄想不勞而獲或等著目標自己送上門來。
4,第 1 組,明察秋毫,目光敏銳，可看見秋天鳥獸新長的毫毛。後用「明察秋毫」比喻洞察一切，能看到極細微的地方。（秋毫：鳥獸在秋天新長的細毛。後用以比喻細微的事物。),目光敏銳，可看見秋天鳥獸新長的細毛。後比喻洞察一切，能看到極細微的地方。
10,第 1 組,鴻鵠之志,鴻鵠，天鵝，善高飛；形容遠大的志向，與「燕雀之志」相反。,天鵝善於高飛，比喻遠大的志向。
12,第 2 組,矯揉造作,刻意的人工施為與雕琢。後亦用「矯揉造作」形容裝腔作勢、刻意做作的態度。義近「裝腔作勢」、「裝模作樣」。,刻意的人工施為與雕琢。後亦形容裝腔作勢、刻意做作的態度。義近「裝腔作勢」、「裝模作樣」。
13,第 2 組,孜孜不倦,指勤勉而不知疲倦。也作「孳ㄗ孳不倦」。(孜孜，勤勉不懈。),指勤勉而不知疲倦。
14,第 2 組,伯樂相馬,比喻善於發現、選拔人才。（伯樂，本名孫陽，春秋秦穆公時人，以善於觀察馬著稱）,比喻善於發現、選拔人才。（典故人物本名孫陽，春秋秦穆公時人，以善於觀察馬著稱）
16,第 2 組,吳下阿蒙,用以譏諷人沒有才學。（阿蒙，三國時吳國大將呂蒙）,用以譏諷人沒有才學。（典故人物為三國時吳國大將呂蒙）
18,第 2 組,光風霽月,用雨過天晴時的清風明月，比喻人坦蕩高尚的胸懷品格。（光風，雨後初晴時的和風；霽，指雨雪初晴）,用雨過天晴時的清風明月，比喻人坦蕩高尚的胸懷品格。
19,第 2 組,口碑載道,眾人稱頌的話語，就像刻在記功碑上一樣，到處流傳。比喻廣受好評。同「有口皆碑」,眾人稱頌的話語，就像刻在記功碑上一樣，到處流傳。比喻廣受好評。
25,第 3 組,千里鵝毛,喻禮物雖輕但情意甚重。（鵝毛，指物品微薄）,比喻禮物雖輕但情意甚重。
28,第 3 組,滴水穿石,滴水久了可使石穿。比喻持之以恆，事必有成。後亦用「水滴石穿」比喻小問題日積月累也會成為大問題。義近「有志竟成」，與「半途而廢」義反。,水一滴一滴落下，久了可使石頭穿孔。比喻持之以恆，事必有成；也比喻小問題日積月累也會成為大問題。義近「有志竟成」，與「半途而廢」義反。
29,第 3 組,寸草春暉,比喻父母養育恩情的深重，兒女竭盡心力亦難以回報。（寸草，一寸長的小草，指兒女；春暉，春天溫暖的陽光，指父母對兒女細心的呵護與教養）,比喻父母養育恩情的深重，兒女竭盡心力亦難以回報。（以小草比喻兒女，以春天溫暖的陽光比喻父母對兒女細心的呵護與教養）
30,第 3 組,金蘭之交,形容朋友交情的契合。（金，用以比喻其堅；蘭，比喻其香。）與「莫逆之交」、「金石之交」義近。,形容朋友交情的契合，像金一樣堅固，像蘭一樣芬芳。
31,第 4 組,鏡花水月,鏡中的影像，水裡的月亮。比喻虛幻不實在。同「鏡像水月」。,鏡中的影像，水裡的月亮。比喻虛幻不實在。
32,第 4 組,讓棗推梨,南朝梁 王泰讓棗，後漢 孔融推梨。用以稱讚兄弟之間友愛。與「兄友弟恭」義近。,南朝梁的王泰把棗子讓給兄弟，東漢的孔融把大梨讓給哥哥。用以稱讚兄弟之間友愛。與「兄友弟恭」義近。
34,第 4 組,汲汲營營,汲汲，勤求不息；營營，追逐求取。形容人急切地奔馳追逐，以求取功名利祿。,形容人急切地奔走追逐，不停地求取功名利祿。
35,第 4 組,一片冰心,又作「冰心玉壺」。冰心，心如冰般純潔清明。比喻人不慕名利，心境高潔。,心像冰一樣純潔清明。比喻人不慕名利，心境高潔。
36,第 4 組,蕙質蘭心,又作「蘭質蕙心」。蘭、蕙，皆香草；心靈如蕙，品質如蘭。比喻女子心性聰慧高雅。,蘭、蕙都是香草；比喻女子心性聰慧、品格高雅，如香草般芬芳。
37,第 4 組,焚琴煮鶴,把琴當柴燒，烹煮鶴來吃。比喻極殺風景的事。,把琴當柴燒，把鶴烹來吃。比喻極殺風景的事。
38,第 4 組,班門弄斧,班，魯班，古代春秋魯國巧匠；弄，耍弄。「班門弄斧」指在巧匠魯班門前耍弄大斧。比喻在行家面前賣弄本事，不自量力。與「量力而行、深藏不露」相反。,古代春秋魯國有位巧匠名叫魯班。在巧匠家門前耍弄大斧，比喻在行家面前賣弄本事，不自量力。與「量力而行、深藏不露」相反。
39,第 4 組,不世之材,不世，世上少有的，非常的。形容當世少有，極出色的人材；是推崇讚譽之詞。同「蓋世之才」（註：蓋世，超過、高出當代之上）。,形容當世少有、極出色的人材；是推崇讚譽之詞。
41,第 5 組,運籌帷幄,運籌，籌謀策劃；帷幄，古時軍中帳幕。泛指善於策劃或指揮，也用以比喻居幕後策劃。,在軍中帳幕裡籌謀策劃。泛指善於策劃或指揮，也用以比喻居幕後策劃。
43,第 5 組,伯仲之間,比喻彼此的能力不相上下。（古代兄弟排行：伯仲叔季。以伯仲比喻差距小。）與「一時瑜亮」、「不分軒輊」、「工力悉敵」、「並駕齊驅」意思相當。,比喻彼此的能力不相上下。（古代兄弟排行，老大與老二相差不多，比喻差距小）與「一時瑜亮」、「不分軒輊」、「工力悉敵」、「並駕齊驅」意思相當。
45,第 5 組,臨深履薄,形容謹慎小心。（詩經：「戰戰兢兢，如臨深淵，如履薄冰」）,形容謹慎小心，好像走近深淵、踩在薄冰上一樣。
56,第 6 組,庖丁解牛,梁惠王時有位廚師庖丁善宰牛，且技巧極為熟練。典出《莊子˙養生主》。後比喻對事物瞭解透澈，做事能得心應手，運用自如。與「游刃有餘」、「遊刃有餘」義近。,梁惠王時有位廚師善於宰牛，技巧極為熟練。典出《莊子˙養生主》。後比喻對事物瞭解透澈，做事能得心應手，運用自如。與「游刃有餘」義近。
57,第 6 組,見賢思齊,看到賢能的人，便想效法他。《論語.里仁》：「見賢思齊焉，見不賢而內自省也。」《晉.常璩.華陽國志.卷四.南中志》：「知足下追踵古人，見賢思齊。」亦作「見德思齊」。,看到賢能的人，便想效法他、向他看齊。
62,第 7 組,暴殄天物,暴，損害、糟蹋；殄，滅絕；天物，指鳥獸草木等自然界生物。殘殺滅絕自然界的生物；後泛指對物品不知愛惜，任意糟蹋。,糟蹋、滅絕鳥獸草木等自然界的生物；後泛指對物品不知愛惜，任意糟蹋。
64,第 7 組,提綱挈領,綱，魚網上的總繩；挈，提起。全句是說「提起魚網的總繩，提起衣服的領子。」比喻抓住事理的重點。,提起魚網的總繩，提起衣服的領子。比喻抓住事理的重點。
66,第 7 組,南橘北枳,比喻生長環境的好壞影響本質的優劣。（枳，似橘而小，果實味道不同；橘生長在淮南就叫做橘子，生長在淮北就是枳。）相關語詞：「逾淮為枳」、「橘化為枳」。,橘樹生長在淮南結出橘子，移到淮北就變成又小又酸的枳。比喻生長環境的好壞影響本質的優劣。
69,第 7 組,固若金湯,比喻防守嚴密，無懈可擊。義近「金城湯池」。,比喻防守嚴密，無懈可擊。
70,第 7 組,甚囂塵上,喧譁嘈雜，塵沙飛揚，原指軍隊作戰前的準備情況。後用「甚囂塵上」形容傳聞四起，議論紛紛；或指極為猖狂、囂張。,喧譁嘈雜，塵沙飛揚，原指軍隊作戰前的準備情況。後形容傳聞四起，議論紛紛；或指極為猖狂、囂張。
73,第 8 組,倒行逆施,比喻不按照情理行事。後用「倒行逆施」比喻胡作非為的罪惡行徑。,比喻不按照情理行事。後比喻胡作非為的罪惡行徑。
76,第 8 組,字字珠璣,珠璣，比喻優美的文章或詞句。形容句子或文章中遣詞用字非常優美。,形容句子或文章中遣詞用字非常優美，每個字都像珍珠美玉。
79,第 8 組,洞燭先機,表示能清楚地預見事情先兆。（洞，副詞，透徹地；燭，動詞，照見）意同「洞燭幽微」。,表示能清楚地預見事情的先兆。
84,第 9 組,大快朵頤,朵，動。頤，下巴。朵頤，指動著腮頰欲食的樣子。指飽食愉快的樣子。與「大飽口福」相似。,指鼓動腮頰、吃得飽足愉快的樣子。與「大飽口福」相似。
86,第 9 組,魚雁往返,魚雁皆指書信。用來比喻書信往來。,古人以魚、雁代指書信。用來比喻書信往來。
87,第 9 組,頤指氣使,頤，下巴；頤指，不說話而用臉部表情示意；氣使，用神情去指揮別人。形容對別人態度傲慢。,不說話，只用臉部表情和神色去指揮別人。形容對別人態度傲慢。
93,第 10 組,馬齒徒長,馬齒隨著年歲而增多，比喻年齡。徒長用以謙稱自己只是年齡增多，但學問沒有長進，事業無成。,比喻年齡隨著年歲而增加。用以謙稱自己只是年紀增長，但學問沒有長進，事業無成。
94,第 10 組,麻中蓬直,飛蓬草生長在麻中，不用扶持也能直立生長。形容好的環境可以對人產生積極的影響。近似「近朱者赤」、「潛移默化」。,飛蓬草生長在麻田中，不用扶持也能直立生長。形容好的環境可以對人產生積極的影響。近似「近朱者赤」、「潛移默化」。
95,第 10 組,牛角掛書,掛書於牛角，且行且讀。形容勤苦向學。,把書掛在牛的角上，一邊走一邊讀。形容勤苦向學。
96,第 10 組,濫竽充數,竽，竹製的簧管樂器；比喻沒有真才實學的人，混在行家裡面充數。,竽，竹製的簧管樂器；比喻沒有真才實學的人，混在行家裡面湊數。
97,第 10 組,從善如流,表示樂於接受別人正確的意見。與「從善如登」相反。,表示樂於接受別人正確的意見。
98,第 10 組,囫圇吞棗,囫圇，完整的；比喻理解事物或學習時，不細加領悟，只是籠統含糊地接受。,把棗子整顆吞下去。比喻理解事物或學習時，不細加領悟，只是籠統含糊地接受。
102,第 11 組,笑容可掬,掬，用兩手捧取。形容笑容滿面的樣子。與「喜形於色、笑逐顏開」相似。,掬，用兩手捧取。形容滿臉笑意的樣子。與「喜形於色、笑逐顏開」相似。
105,第 11 組,望其項背,項，頸的後部；形容趕得上。「難以望其項背」則形容遠遠落後，比不上別人。,能看見前面的人的頸部與背部，形容趕得上。前面加上「難以」，則形容遠遠落後，比不上別人。
108,第 11 組,倩人捉刀,倩，請；捉刀，意指拿筆代寫文章，因為古代以刀削竹簡，而把文字刻在竹簡上。比喻請人代作文章。,倩，請；比喻請別人代寫文章。（古代以刀削竹簡，把文字刻在竹簡上，因此用「拿刀」代指寫文章）
110,第 11 組,暮鼓晨鐘,佛寺中敲鐘擊鼓以報時。原表示日子一天一天過去了，今用以比喻使人覺悟的言論；亦作「晨鐘暮鼓」。意近「當頭棒喝ㄏㄜˋ」。,佛寺中早晚敲鐘擊鼓以報時。原表示日子一天一天過去了，今用以比喻使人覺悟的言論。意近「當頭棒喝ㄏㄜˋ」。
112,第 12 組,邯鄲學步,比喻學他人不成，反而失去本來的面目。（典故：壽陵少年學邯鄲人走路，他不但沒有學成，反而連自己原來的步法也忘了，結果只好爬著回去）,比喻學他人不成，反而失去本來的面目。（典故：壽陵少年到趙國都城學當地人走路，不但沒有學成，反而連自己原來的步法也忘了，結果只好爬著回去）
113,第 12 組,迴腸盪氣,形容文章或音樂感人至深，又作「盪氣迴腸」。,形容文章或音樂感人至深。
118,第 12 組,撲朔迷離,撲朔，雄兔腳毛蓬鬆。迷離，雌兔眼睛瞇縫。撲朔迷離指兔子奔跑時很難辨別雌雄。形容事物錯綜複雜，難以驟然明瞭真相，或用於形容景色迷濛。,雄兔腳毛蓬鬆，雌兔眼睛瞇縫，兔子奔跑時很難辨別雌雄。形容事物錯綜複雜，難以驟然明瞭真相，或用於形容景色迷濛。
120,第 12 組,孤掌難鳴,一個巴掌難以拍出聲響。比喻人孤立無助，不能成事。與「眾志成城」義反。,一隻手拍不出聲響。比喻人孤立無助，不能成事。與「眾志成城」義反。
121,第 13 組,春風化雨,老師的教導，如和暖的春風吹拂，如及時的雨水潤化萬物。比喻完善的教化，使人潛移默化。,老師的教導，如和暖的風吹拂，如及時的雨水潤化萬物。比喻完善的教化，使人潛移默化。
122,第 13 組,不落窠臼,比喻不落俗套，有獨創風格。,比喻不流於俗套，有獨創風格。
124,第 13 組,渾渾噩噩,渾渾，渾厚的樣子；噩噩，嚴正的樣子；句謂人渾樸天真，嚴肅敦厚。今用以形容人糊里糊塗，或對事物無所用心的樣子。,原指人渾樸天真，嚴肅敦厚。今用以形容人糊里糊塗，或對事物無所用心的樣子。
129,第 13 組,疊床架屋,比喻一切措施，如說話、作文、設施制度等，重複其事，全無創建發明。「屋下架屋」、「床上施床」亦同。,比喻一切措施，如說話、作文、設施制度等，重複其事，全無創建發明。
130,第 13 組,信口雌黃,雌黃，橙黃色礦物，古代用於塗改文字。本指有如口中含著雌黃，能隨時改正不合意的語句。後用「信口雌黃」比喻不顧事實真相，隨口亂說或妄加批評。,古人用一種橙黃色礦物塗改文字。本指口中有如含著這種礦物，能隨時改正不合意的語句。後比喻不顧事實真相，隨口亂說或妄加批評。
132,第 14 組,絃歌不輟,絃歌，本指用絃樂器伴奏而吟詠，泛指讀書、教學活動或禮樂教化。輟，停止。句謂讀書的聲音不停；比喻（1）講習、教學活動沒有間斷（2）學風很盛。,本指用絃樂器伴奏而吟詠，泛指讀書、教學活動或禮樂教化；句謂讀書的聲音不停止。比喻（1）講習、教學活動沒有間斷（2）學風很盛。
133,第 14 組,不脛而走,脛，小腿。「不脛而走」指沒有腿也能去。比喻事物不用推廣，也能迅速傳播。,脛，小腿。指沒有腿也能跑到各處。比喻事物不用推廣，也能迅速傳播。
135,第 14 組,生靈塗炭,生靈，百姓；塗，泥濘；炭，炭火。塗炭指像陷入水深火熱之中，處境痛苦。形容老百姓的處境極為艱難痛苦。,百姓像陷入泥濘和炭火之中，處境痛苦。形容老百姓的處境極為艱難痛苦。
137,第 14 組,沐猴而冠,沐猴，獼猴。「沐猴而冠」指性情急躁的獼猴學人穿戴冠帽。比喻人虛有表象，卻不脫粗鄙的本質。,性情急躁的獼猴學人穿戴冠帽。比喻人虛有表象，卻不脫粗鄙的本質。
140,第 14 組,芒刺在背,像是有許多細小的芒刺沾在背上，令人坐立難安。比喻因畏忌而極度不安。與「如坐針氈」義近。,背上好像沾著許多細小的刺，令人坐立難安。比喻因畏忌而極度不安。與「如坐針氈」義近。
142,第 15 組,指桑罵槐,指著桑樹罵槐樹，比喻拐彎抹角的罵人。,表面上罵這棵樹，其實是罵另一棵樹。比喻拐彎抹角地罵人。
146,第 15 組,毛遂自薦,毛遂，戰國趙人，為平原君食客。比喻自我推薦。,戰國時趙國平原君的一位食客主動推薦自己。比喻自我推薦。
148,第 15 組,戰戰兢兢,戰戰，害怕的樣子；兢兢，小心謹慎的樣子。形容做事時戒慎惶恐的态度。與「兢兢業業」（註：業業，警惕小心的樣子 ）類似。,形容做事時害怕又小心謹慎、戒慎惶恐的態度。
152,第 16 組,刮目相看,又作「另眼相看」、「另眼相待」。指對方已不同往日或較別人特殊而給予與眾不同的對待。,指對方已不同往日或較別人特殊而給予與眾不同的對待。
153,第 16 組,退避三舍,本指作戰時，退兵九十里以表退讓，後引申為對別人忍讓，不敢相爭的意思。（三舍，古時行軍三十里為一舍，三舍為九十里）,本指作戰時，退兵九十里以表退讓，後引申為對別人忍讓，不敢相爭的意思。
154,第 16 組,剛愎自用,愎，固執己見；自用，自以為是。固執己見，專斷獨行。意同「師心自用」、「一意孤行」、「獨斷專行」。,愎，固執；固執己見，自以為是，專斷獨行。意同「一意孤行」、「獨斷專行」。
157,第 16 組,千鈞一髮,以一根頭髮懸吊千鈞重物，比喻情況非常危急。（鈞，古代重量單位，三十斤）,以一根頭髮懸吊極重的物品，比喻情況非常危急。（鈞，古代重量單位，三十斤）
160,第 16 組,韋編三絕,韋，熟牛皮，古時用竹簡寫字，竹簡用牛皮帶編聯起來；三絕，指多次斷絕。用以形容讀書刻苦勤奮。,古時用竹簡寫字，竹簡用熟牛皮帶編聯起來，因為翻閱太多次，皮帶多次斷掉。用以形容讀書刻苦勤奮。
161,第 17 組,信誓旦旦,旦旦，誠懇的樣子，指誓言說得極為誠懇可信。,誓言說得極為誠懇可信。
163,第 17 組,中流砥柱,中流，指黃河中游；砥柱，屹立於黃河中游之山。形容人在艱難動盪的環境中能擔當大任。,黃河中游有座山屹立在激流中。形容人在艱難動盪的環境中能擔當大任。
166,第 17 組,滄海桑田,大海變為桑田，桑田變為滄海。比喻世事變化很大。也作「滄海揚塵」、「東海揚塵」（註：海面揚塵，已經變為陸地的景象）,大海變為種桑樹的田地，田地又變為大海。比喻世事變化很大。
172,第 18 組,相形見絀,相形，比較；絀，不足。表示兩相比較，顯出其中一方的拙劣。也用作謙詞。,兩相比較，顯出其中一方的不足或拙劣。也用作謙詞。
174,第 18 組,叱吒風雲,叱吒，怒喝ㄏㄜˋ。一聲怒喝就能使風雲變色。形容人聲勢威力極大，能左右世局。,一聲怒喝就能使天地變色。形容人聲勢威力極大，能左右世局。
176,第 18 組,二八年華,二八，即十六歲。用以形容少女正當青春美麗的時期。,指十六歲，用以形容少女正當青春美麗的時期。
177,第 18 組,大家風範,大家，舊指有聲望地位的人家；風範，風度、氣派。意指有地位或有學識之人的特有氣度。《三俠五義˙第十八回》：『獻茶已畢，敘起話來，問答如流，氣度從容，真是大家風範，把個狄后樂了個不得。』」,意指有地位或有學識之人的特有氣度。
179,第 18 組,道貌岸然,神態莊嚴，一副道學家的樣子，與「嬉皮笑臉」相反；常含有譏諷的意味，指一個人表面上故作嚴肅，事實上表裡不一。（岸然，高傲威嚴的樣子）,神態莊嚴，一副道學家的樣子，與「嬉皮笑臉」相反；常含有譏諷的意味，指一個人表面上故作嚴肅，事實上表裡不一。
181,第 19 組,梨園子弟,梨園，原指唐玄宗教練歌舞藝人的地方。 後泛稱戲班為梨園；戲劇演員為「梨園子弟」或「梨園弟子」。,原指唐玄宗訓練歌舞藝人的地方所培養的藝人，後泛稱戲劇演員。
182,第 19 組,匹夫之勇,匹夫，一個人，泛指普通人；形容沒有智謀，僅憑個人蠻幹的勇敢。,形容沒有智謀，僅憑個人蠻幹的勇敢。
184,第 19 組,草菅人命,菅，一種野草；句謂把人命看做野草。指為政者漠視人命，任意殘害。,菅，一種野草；把人的性命看做野草。指為政者漠視生命，任意殘害。
185,第 19 組,同舟共濟,濟，渡河。大家同坐一條船渡河，比喻利害一致、患難與共。與「風雨同舟」、「和衷共濟」、「同心協力」義近。,濟，渡河。大家同坐一條船渡河，比喻利害一致、患難與共。與「同心協力」義近。
187,第 19 組,燃眉之急,像火燒眉毛般緊迫。形容事態嚴重，情況危急。義近「迫不及待」、「迫在眉睫」、「當務之急」、「急如星火」、「十萬火急」、「刻不容緩」。,像火燒眉毛般緊迫。形容事態嚴重，情況危急。義近「迫不及待」、「迫在眉睫」、「急如星火」、「十萬火急」、「刻不容緩」。
189,第 19 組,錙銖必較,錙銖，古代重量單位；六銖為一錙，四錙為一兩；指極小的份量。用以形容對細微的事物或很少的錢財都要計較。同「斤斤計較」。,錙、銖都是古代很小的重量單位。用以形容對細微的事物或很少的錢財都要計較。同「斤斤計較」。
190,第 19 組,談笑風生,風生，風趣四溢；句謂談話時有說有笑，興致極高而風趣。,談話時有說有笑，興致極高而風趣四溢。
191,第 20 組,妄自菲薄,妄，沒根據、不實際，或做任意、輕率解。菲薄，動詞，輕視；句謂輕率地鄙視自己，形容人自輕自賤，過份地小看自己。,輕率地鄙視、輕視自己，形容人自輕自賤，過份地小看自己。
192,第 20 組,古道熱腸,古道，指古代敦厚純樸的道德風尚，不似今人薄情貪利。熱腸，熱心腸。形容待人厚道，真摯熱情；讚美有救助別人的美德。,形容待人像古人一樣敦厚純樸，真摯熱情；讚美有救助別人的美德。
193,第 20 組,病入膏肓,古代醫家指心尖脂肪為膏，心臟和隔膜之間為肓，認為膏肓之間為藥力所不能達到之處。句指病重到了無法醫治的地步；也比喻事態嚴重到無法挽回的程度。同「藥石無功」、「無可救藥」、「沈痾難起」（痾ㄜ，病）。,古代醫家認為心臟附近有藥力所不能達到之處。句指病重到了無法醫治的地步；也比喻事態嚴重到無法挽回的程度。同「藥石無功」、「無可救藥」、「沈痾難起」（痾ㄜ，病）。
194,第 20 組,野人獻曝,野人，鄉野鄙夫，一般指農夫；曝，曬太陽。指平凡人所能貢獻的平凡事物，常用作提出建議時的自謙之詞，比喻所見雖然淺陋，而貢獻出於真心。,鄉野的農夫把曬太陽取暖的方法獻給君王。指平凡人所能貢獻的平凡事物，常用作提出建議時的自謙之詞，比喻所見雖然淺陋，而貢獻出於真心。
198,第 20 組,進退維谷,形容前進後退都無路可走的困窘處境。意同「進退兩難」,形容前進後退都無路可走的困窘處境。
199,第 20 組,買櫝還珠,買了裝珍珠的盒子，而把珍珠退還。後用「買櫝還珠」比喻捨本逐末，取捨失當。,買了裝珍珠的盒子，而把珍珠退還。後比喻捨本逐末，取捨失當。
